{
"BASE_URL": "https://norecruits.com/",
"VC_teacherDetail": "vc/teacherDetail",
"VC_studentDetail": "vc/studentDetail",
"VC_adminCreate": "vc/adminCreate",
"VC_getAllAdmin": "vc/getAllAdmin",
"VC_updateUserStatus": "vc/updateUserStatus",
"VC_getAllSchool": "vc/getAllSchool",
"VC_updateSchoolStatus": "vc/updateSchoolStatus",
"VC_getSchoolList": "vc/getSchoolList",
"VC_getSchoolUser": "vc/getSchoolUser",
"VC_getStudentAttendance": "vc/getStudentAttendance",
"VC_getStudListForCS":"vc/getStudListForCS",
"VC_getTeacherListForCS": "vc/getTeacherListForCS",
"VC_teacherPersonalData": "vc/teacherPersonalData",
"VC_studentPersonalData": "vc/studentPersonalData",
"VC_eventGet": "vc/eventGet",
"VC_deleteEvent": "vc/deleteEvent",
"VC_eventUpdate": "vc/eventUpdate",
"VC_eventSend": "vc/eventSend",
"VC_quickMsgSend": "vc/quickMsgSend",
"VC_quickMsgGet": "vc/quickMsgGet",
"VC_quickMsgGetForStud": "vc/quickMsgGetForStud",
"VC_checkPassword": "vc/checkPassword",
"VC_passwordUpdate": "vc/passwordUpdate",
"VC_getToDate": "vc/getToDate",
"VC_eventReSchedule": "vc/eventReSchedule",
"VC_getEventById": "vc/getEventById",
"VC_eventNotificationOff": "vc/eventNotificationOff",
"VC_quickMsgNotificationOff": "vc/quickMsgNotificationOff",
"VC_getAllTeacherList": "vc/getAllTeacherList",
"VC_getSchoolData": "vc/getSchoolData",
"VC_markUpdate": "vc/markUpdate",
"VC_feeUpdate": "vc/feeUpdate",
"VC_updateTeacherMaster": "vc/updateTeacherMaster",
"VC_updateStudentMaster": "vc/updateStudentMaster",
"VC_updateTeacher_timeTable": "vc/updateTeacher_timeTable",
"VC_attendanceUpdate": "vc/attendanceUpdate",
"VC_uploadMark": "vc/uploadMark",
"VC_uploadAttendance": "vc/uploadAttendance",
"VC_uploadPayment": "vc/uploadPayment",
"VC_uploadStudentMaster": "vc/uploadStudentMaster",
"VC_uploadMarkFile": "vc/uploadMarkFile",
"VC_uploadClassFile": "vc/uploadClassFile",
"VC_uploadPeriodsFile": "vc/uploadPeriodsFile",
"VC_uploadTeacher_timeTable": "vc/uploadTeacher_timeTable",
"VC_uploadTeacherMaster": "vc/uploadTeacherMaster",
"VC_uploadFeeFile": "vc/uploadFeeFile",
"VC_studentInsert": "vc/studentInsert",
"VC_teacherInsert": "vc/teacherInsert",
"VC_getUserData": "vc/getUserData",
"VC_getStudData": "vc/getStudData",
"VC_deleteUser": "vc/deleteUser",
"VC_updateStudStatus": "vc/updateStudStatus",
"VC_deleteStud": "vc/deleteStud",
"VC_getSchoolDataById": "vc/getSchoolDataById",
"VC_schoolLogo": "vc/schoolLogo",
"VC_profilePicupload": "vc/profilePicupload",
"VC_bulkEmail_quickMsg": "vc/bulkEmail_quickMsg",
"VC_updateProfilePic": "vc/updateProfilePic",
"VC_captureImgSend": "vc/captureImgSend",
"VC_getVideo": "record/getVideo",
"VC_getRecordVideo": "getRecord/getRecordVideo",
"VC_csvTest": "vc/csvTest"




}